id,income
20901,0
14170,0
1776,1
30428,0
8602,0
13269,1
24221,0
746,1
24034,0
5658,1
28379,0
28723,0
22817,0
19185,0
25370,0
19528,0
29633,0
20767,0
12567,1
18436,0
24047,0
414,1
18489,0
12681,0
28664,0
10931,0
4711,0
21309,1
30104,0
1676,1
28040,0
19156,0
8144,0
23384,0
26114,0
2626,1
27745,0
15760,0
7439,1
12212,0
24481,0
8348,0
3543,0
19536,0
801,0
32008,0
4899,0
5048,0
19662,0
1205,0
18253,1
31373,0
17841,1
16636,0
19130,0
216,0
4109,0
5930,0
24906,0
20256,1
31981,0
30798,0
5326,0
21217,0
10064,0
25463,0
15476,1
3665,0
3097,0
17798,0
9278,0
20186,1
2001,1
29121,0
18316,0
28780,0
22127,0
7922,0
22389,0
22146,0
25891,0
32304,0
4011,0
29857,0
21565,0
24369,0
1564,1
1000,0
22066,1
7615,0
7921,0
15985,0
23570,0
19590,0
21351,0
2058,1
31500,0
22340,1
21088,0
21389,0
11708,0
19222,0
1147,0
12098,0
1663,1
31165,0
2270,1
31807,0
8253,0
10654,0
12566,0
31743,1
21380,0
14329,0
276,0
29922,0
20253,0
13765,0
27616,0
23354,0
14011,0
27626,0
19397,1
10828,0
21188,0
28802,0
9807,0
28213,0
17384,0
20165,0
21748,0
22048,0
4990,0
27752,0
6498,0
15827,0
991,0
43,1
27500,0
6007,0
812,1
22938,0
20716,0
23075,0
18904,0
2998,0
22729,1
5118,1
5932,0
26050,0
32251,1
14573,0
9443,0
24698,0
19592,0
32072,0
13256,0
25119,0
12210,0
4452,0
22254,0
9065,0
15019,0
10512,0
7530,1
13819,0
24292,1
30538,1
32332,0
9733,0
27311,0
12436,1
25063,1
30371,0
18970,1
25806,0
15649,0
30134,0
6046,0
19155,0
7938,0
2106,1
19556,0
4639,0
27402,0
8571,0
3031,1
21086,0
15072,0
823,1
12496,0
2210,1
30964,0
24909,0
16911,0
23653,0
23483,0
25533,0
12183,0
29608,1
3375,1
9510,0
28893,1
20967,0
2440,1
339,0
376,1
13362,0
6790,0
5660,0
20914,0
2127,1
26248,0
7000,0
18241,0
12238,0
28525,1
26091,1
14720,0
22870,0
13053,0
7824,0
4829,0
2910,1
1259,0
19958,0
15449,0
17702,0
23547,0
2479,1
581,1
15664,0
11024,0
24295,1
31717,0
28696,0
31210,0
8145,0
20696,0
10301,0
749,1
21628,1
7134,1
23166,0
5028,0
10819,0
22838,0
381,1
3051,1
20336,1
1093,0
7101,1
25948,0
9283,0
15622,0
11171,1
10597,0
30543,0
16815,0
7864,1
13026,0
20521,0
3265,0
17138,0
7901,0
27970,0
20793,0
28457,0
25644,0
15792,0
31815,0
21204,0
14642,0
4704,0
23291,1
637,1
24422,0
251,0
17116,0
11763,0
10471,0
26270,0
12839,0
11112,0
24999,0
23352,0
13551,0
9648,1
17123,0
31191,1
15236,1
10199,0
12468,0
15035,0
30151,0
18275,0
19458,0
1740,1
9676,1
5063,1
19953,1
28019,0
19007,0
30908,0
15320,0
18277,0
26701,0
26599,0
22471,0
11872,0
13448,1
4612,0
8072,0
32084,0
19588,0
22853,0
22541,0
30691,0
51,1
19521,0
20809,0
19099,0
25217,0
29553,0
25184,0
31379,0
30563,0
24109,1
19088,0
6343,0
13799,0
4912,0
15606,0
13790,0
25043,0
32337,0
8923,0
23929,0
24820,1
14096,0
25517,0
13727,0
6816,0
7773,0
1512,0
16190,0
1735,1
18352,0
20567,0
2307,1
25602,0
25612,0
24046,0
10702,0
27715,1
23550,0
14763,0
7917,0
23033,0
30968,0
23943,0
29313,1
11884,0
22587,0
14100,0
3320,1
7486,0
15134,0
25647,0
501,1
8872,0
7828,0
9308,1
601,1
25940,0
28024,0
26010,0
30378,0
10984,0
31632,0
16006,0
19620,1
23720,0
17103,0
17992,0
29454,0
19974,0
2497,1
21449,0
10752,0
9523,1
13493,0
5526,0
4755,0
19968,0
59,1
16219,1
21554,0
5443,1
1990,1
30747,0
31257,0
6020,0
14802,0
2824,1
14576,0
25874,0
18481,0
13381,0
27573,0
30238,0
21017,0
11383,0
25464,0
20046,0
21005,0
316,0
5550,0
2871,1
17643,0
5106,0
4402,0
420,1
12807,1
20624,0
7552,0
28814,0
21496,0
13754,1
10226,0
5591,0
575,1
14659,0
11059,0
13061,0
21390,0
7732,0
30548,0
6852,0
6931,0
20878,0
18147,0
6193,0
2886,1
3842,0
1831,1
27728,0
16120,0
28576,1
11051,1
7626,1
17532,0
24803,1
26180,0
20429,0
30493,0
20177,0
25020,0
30597,0
21215,0
29512,0
12595,0
25955,0
12905,0
2759,1
31718,0
17497,0
24003,0
20773,0
15996,1
17405,0
612,1
3733,0
12902,0
28515,0
3131,1
32511,0
6425,0
16405,0
3223,0
32000,0
4447,0
18110,0
4245,0
10410,0
18189,1
21619,0
18373,1
14213,0
26755,1
18319,0
3479,0
1905,1
20488,1
2054,1
29760,0
26943,0
16107,0
2577,1
5569,0
30779,0
29078,0
23573,0
16993,1
26753,0
24744,0
23521,0
22487,0
1881,1
12195,0
2276,1
16548,0
11768,1
31854,0
28068,0
19667,1
21157,0
11735,0
27517,0
9928,0
27471,0
6413,0
15744,0
6000,0
28743,0
22170,0
15443,1
4411,0
27900,0
20152,0
31775,0
30989,0
19197,0
29701,0
11214,1
31700,0
4288,0
31649,0
28063,0
30416,0
5391,1
21372,0
32320,0
24981,0
15618,1
16124,0
18975,0
3169,0
25212,0
11724,0
17975,0
15259,0
10055,0
4037,0
17307,0
6668,0
7490,0
31842,1
8240,0
24570,0
4067,0
28827,0
27971,0
512,1
13709,0
31408,0
24932,0
24316,0
25440,0
32442,1
24433,0
31348,1
22974,0
5675,0
30190,1
10922,0
11067,0
22207,0
14326,0
10432,0
28778,1
11985,0
26520,1
5248,0
9814,0
21864,1
8617,0
13681,0
31900,0
2266,1
19650,0
32322,0
4758,0
5427,0
5701,0
10082,0
17428,1
26267,1
14767,0
25124,0
5306,0
16225,0
17722,0
26391,0
6794,0
30815,0
22044,0
6517,1
3149,0
10840,0
7785,0
9061,0
3515,0
27333,1
22552,0
22878,0
13008,0
9745,0
22693,0
20304,0
25795,1
5868,0
12505,0
10324,0
1904,1
26669,0
10265,1
29613,0
19805,0
12103,0
20491,0
10438,0
13329,0
20481,0
28773,0
13312,1
21384,0
27131,0
20406,1
27064,0
6891,0
6047,0
1811,1
32484,0
10353,0
10657,0
20277,1
1612,1
22185,0
4115,0
16718,0
29767,0
23767,0
24376,0
15158,0
25410,0
22846,0
30785,0
12806,0
9472,0
24331,1
17,1
11540,0
14723,0
341,0
18925,1
14226,0
30850,0
11975,0
23488,0
9656,0
12304,0
3290,0
22244,0
6930,0
31916,1
20033,0
25553,0
18320,0
24082,0
31410,0
5490,1
21586,0
24233,0
16574,0
27392,0
24941,0
13585,0
1507,0
5767,0
7559,0
9382,0
24227,0
6574,1
30780,0
2516,1
4960,0
9062,0
22679,0
4675,0
24131,0
17525,0
16053,0
16726,1
347,0
32090,0
17252,0
13937,0
15418,0
3642,0
12,0
11875,0
21992,1
28160,0
27240,0
30806,0
24332,0
19049,0
26974,0
10341,1
31905,1
24633,0
9013,0
4552,0
5278,1
27312,0
13811,0
28586,0
22931,0
2595,1
691,1
12667,0
24789,0
29939,0
24931,1
20408,0
4222,0
29098,0
30705,0
1365,0
2592,1
10808,0
549,1
1198,0
15639,1
19419,0
6203,0
22122,1
20538,0
1113,0
15758,0
13518,0
18254,0
352,1
14159,0
25977,0
31679,0
21750,0
9289,0
435,1
21212,1
9261,0
10608,1
28437,1
21201,1
24420,0
14940,0
27391,0
26863,0
26301,0
2217,1
15471,0
20168,0
22222,0
31530,0
18293,0
19085,0
31106,0
17256,1
21623,0
12068,0
13702,0
11072,0
3889,0
7721,0
25493,0
17701,0
15640,0
7219,0
31984,0
3946,0
482,1
23797,0
31642,0
822,1
585,1
30534,1
1523,1
32403,0
15304,0
26667,0
14074,0
6502,0
27393,1
10383,0
6223,0
17491,0
8138,0
19877,0
23134,1
25449,0
9086,1
20589,0
9286,0
15429,0
31060,0
25036,1
22174,0
8992,0
29149,0
4161,0
14811,0
8718,0
20365,0
29974,0
10584,1
21112,0
7661,0
9998,0
2015,1
12909,0
16024,0
10170,0
10066,0
12189,0
3971,0
32126,0
23908,0
6714,0
10747,0
28312,0
15384,0
31086,0
21993,0
15599,0
10569,0
18740,0
19540,0
30353,0
22022,1
14796,0
14248,0
10591,0
27055,0
18233,0
21827,0
19821,0
8494,0
6923,0
4735,0
25219,1
16331,0
20372,0
23598,0
3411,0
27180,0
22038,0
16482,0
24355,0
25705,0
20962,0
9864,1
25824,0
26711,0
11398,0
14371,1
22722,0
20462,1
13181,0
27068,0
1115,0
27897,0
29167,0
16769,1
22489,0
5562,1
31946,0
14401,0
32061,0
19752,0
3621,0
15784,0
22002,0
620,1
30326,0
26979,0
25852,0
18706,0
21736,0
5379,0
12581,0
32053,0
7956,0
16161,0
2644,1
29485,0
2052,1
14209,0
30900,0
18695,0
16632,0
31007,0
14837,0
9160,0
31819,0
26432,0
19191,0
26013,0
2046,1
19250,0
22286,0
31011,0
14445,0
4296,0
28714,0
15361,0
8705,0
19749,0
7479,0
21711,1
5558,0
31117,1
26684,0
22,0
17885,0
14312,0
465,1
23480,0
18704,0
4361,0
32212,0
9649,0
27044,1
17071,0
2882,1
2200,1
29031,0
23273,0
28165,0
31827,1
20749,0
19392,0
25693,0
364,1
11769,0
26356,0
15583,0
15216,0
16475,0
9608,0
15886,0
10862,0
22294,0
4703,0
24750,0
28659,0
30081,0
30288,0
6788,0
17399,0
15448,1
11733,0
2252,1
22757,0
26930,1
23062,0
745,1
29358,0
7826,0
2271,1
23393,1
22280,0
22004,0
1809,1
11760,1
5155,0
27291,0
25286,0
32517,0
5189,0
30793,0
23578,0
7825,1
5906,0
13621,0
704,1
24544,0
15770,1
23609,0
27667,0
26090,0
15646,0
24497,1
28405,0
23173,0
28776,0
26818,0
12759,0
29246,0
29621,0
25470,0
19393,1
16460,0
20015,1
14000,0
2572,1
12561,0
27168,0
18657,0
10133,1
10077,0
28567,0
1316,0
16795,0
10318,0
6473,1
20558,0
5703,0
7274,0
12199,0
26304,0
27028,0
32396,0
23445,0
191,1
20517,0
23947,0
10075,1
14423,0
27411,0
20163,0
6970,0
4338,0
26933,0
6782,1
21311,0
1091,0
12973,0
20876,0
29111,0
2140,1
6116,0
20325,0
20108,0
23448,0
7289,0
5629,0
3237,0
11380,1
17119,0
11997,0
19983,0
29117,1
2238,1
19915,1
17237,0
5960,0
17873,0
24038,0
9580,0
9285,0
19678,0
24637,0
5474,0
24731,0
9077,0
27633,0
11629,0
28510,0
4266,0
9175,0
11794,1
15241,0
11652,0
21323,0
29021,0
14647,0
26064,0
29005,0
24182,0
29696,0
29490,0
5407,0
17056,0
1045,0
16463,0
3255,0
6316,0
4898,0
12964,0
28997,0
2008,1
7033,0
12657,0
22500,1
8288,0
28809,1
18163,0
306,0
30435,0
13406,1
25850,0
6638,0
12228,1
27807,0
29620,0
22977,0
5111,0
25736,0
31421,0
6420,0
13978,0
22299,0
11481,0
20518,0
28258,0
7803,0
27820,0
29307,0
23150,0
14434,0
16377,0
20894,0
15325,0
25844,0
20127,0
2109,1
19187,0
18378,1
7116,1
15357,0
1861,1
19174,0
6378,0
25448,0
2558,1
24534,0
15983,1
12326,0
19378,0
24878,0
29127,0
24915,1
13054,0
10811,0
10111,0
22954,1
15352,0
29349,0
20362,0
21425,0
11433,0
22651,0
12331,0
5875,0
22933,0
5755,0
290,1
18565,1
19160,0
4282,0
24471,0
24752,0
29931,1
8169,0
25526,0
12273,0
22740,0
4694,1
13859,0
30094,0
12504,0
9028,0
19205,0
18024,0
22763,0
7387,0
19738,0
25278,0
5563,0
14832,0
694,1
14726,0
18543,0
23818,0
18202,0
32164,1
160,0
10855,0
11937,0
28248,1
15741,1
14205,1
21648,0
16987,1
23721,0
32130,0
7607,0
21367,0
25786,0
24923,0
13029,0
5128,0
6977,0
7722,0
8433,0
13370,0
12772,1
32294,0
18447,0
18563,0
16515,1
20398,0
23206,0
12844,1
9932,1
20787,0
30128,0
18677,0
14959,1
22555,0
13581,0
20857,0
12133,0
20485,0
25364,0
3576,0
20132,0
28836,0
2413,1
12368,0
7103,0
3069,1
24738,0
22488,0
26005,0
13903,0
30831,0
10321,0
5233,0
9476,0
25384,0
1662,1
6428,0
18680,0
16522,1
17899,0
1048,0
1890,1
213,0
7622,0
502,1
26921,1
2178,1
13287,0
7028,0
7058,0
16112,0
25434,0
32519,1
26627,0
13405,0
23807,0
28347,0
23602,0
14962,0
9772,0
25255,0
7867,0
6386,0
18805,0
13482,0
19325,0
28302,0
6276,0
8366,0
21370,0
3557,0
27226,0
5966,1
29894,0
10526,0
14444,0
12933,0
17424,0
10212,0
9839,0
9021,0
17911,0
5415,0
21203,1
4217,0
26963,0
21931,0
15403,0
1306,0
12532,0
9133,0
6525,1
29327,0
7670,1
22885,0
11167,0
16390,0
20685,0
19619,0
12770,1
7013,0
19867,0
24525,0
8499,0
17025,0
16237,0
3628,0
27587,1
2946,1
15684,1
14517,0
10523,0
25295,0
7083,0
5536,1
6227,0
7046,0
9989,0
25379,0
29835,0
31756,0
10716,0
19560,0
26489,0
25983,0
1460,0
21299,0
14596,0
2118,1
11253,0
16936,0
22941,1
30366,0
6348,0
13109,0
19495,0
10991,0
29481,0
725,1
16268,0
23388,0
7168,0
2010,1
20703,0
17905,1
7574,0
28821,0
16289,0
12803,0
22919,0
25556,0
13378,0
22797,1
3549,1
29404,0
31865,0
7986,0
21038,0
5218,0
22419,0
239,0
27910,0
9405,0
10927,0
26339,0
30679,1
24214,0
171,0
14158,0
7231,1
23962,0
2009,1
28367,0
31860,0
17506,0
18877,0
29195,0
4553,0
7301,0
17845,0
13104,0
50,1
4717,0
9927,0
18794,0
10152,0
674,1
5651,0
13564,0
30756,0
31241,0
28542,0
7369,0
29654,0
6072,0
28787,0
2775,1
24833,0
907,0
14808,0
7629,0
28158,0
17578,0
6631,0
23179,0
12311,0
21915,0
28151,1
2493,1
6162,0
21089,0
30234,0
2021,1
3199,1
18195,0
27176,1
17959,0
13900,0
21598,0
24073,0
12061,1
21325,0
25974,0
4214,0
27205,0
5195,0
15634,0
29975,0
24784,0
29196,0
22194,0
26031,0
28221,0
2262,1
29414,0
6304,1
12014,0
28806,0
22164,0
20077,1
9868,1
3503,0
16286,1
21969,0
11045,0
7312,0
30790,1
7984,0
28598,0
24344,0
26632,0
32055,1
7765,0
6770,0
3364,0
26595,0
27385,0
31628,1
15626,0
4842,0
13140,0
25668,0
3466,0
358,1
12703,0
21036,0
14424,0
9340,0
6290,1
16992,0
18700,1
12010,0
32181,0
816,1
31341,0
3689,0
8558,0
1318,0
27382,0
6979,0
28519,0
31622,0
2540,1
28478,0
13645,0
4317,0
5125,0
27124,0
17109,0
27059,0
18666,0
26949,1
23799,0
5904,0
13444,0
3478,1
2341,1
19372,0
20142,0
21814,0
28594,0
630,1
7419,0
11025,0
6808,0
19091,0
30794,0
1378,0
9046,0
2219,1
29347,0
27528,0
31253,0
2257,1
8906,0
19870,0
18976,0
16635,0
23485,0
26694,1
24164,0
4872,0
14625,0
11852,0
8845,0
29659,0
25110,0
5103,0
16680,0
7579,0
22837,0
21800,0
16499,0
28000,0
31449,0
7049,1
13046,0
9467,0
21763,0
7996,0
16452,0
4195,0
32546,0
10816,0
23063,0
14421,0
21315,0
3707,1
28896,0
24549,0
13719,0
32284,0
16375,0
23813,0
32481,0
27590,0
10887,1
5870,0
31504,0
27903,0
27039,0
24608,0
7612,0
29392,0
30268,0
29721,0
8406,0
2451,1
29674,0
23441,0
9088,0
9400,0
6397,0
13310,0
32227,0
25515,0
6840,0
15861,0
22404,1
5332,0
22815,0
31043,0
25015,0
6527,1
30727,0
10806,0
6459,0
22756,0
3218,0
13113,0
12983,1
29968,0
25230,0
30494,0
8688,0
14523,1
15414,0
11445,0
16764,0
399,1
6635,0
23683,0
8739,0
13411,0
2774,1
24320,0
5946,0
8392,0
21226,0
14518,0
5590,0
3357,0
31560,1
10952,0
4851,0
17749,1
965,1
21885,0
10091,1
19512,1
10186,0
14764,0
6414,0
24189,0
23113,1
15988,1
30495,0
6,0
27069,0
16367,0
5179,0
26018,0
7259,0
12380,0
22023,1
8694,0
12376,0
7467,0
31631,0
14006,0
16229,0
20052,1
25327,0
14631,1
19128,0
18428,1
10988,0
9840,0
26170,0
9112,0
25474,0
2709,1
6683,0
27889,0
23190,0
17854,1
31779,0
6448,0
30865,0
29369,0
5164,1
9352,0
2482,1
30224,1
25180,0
1887,1
13390,0
13933,0
13767,0
7170,1
27891,0
28838,0
3699,1
22818,0
2195,1
8327,0
673,1
5582,0
23507,0
17243,0
30874,0
13583,1
17139,1
25104,0
5297,0
2343,1
2192,1
3367,0
30671,1
16866,0
23219,1
25166,1
13916,0
13994,0
28500,0
22417,0
2849,1
9704,0
9012,0
22832,1
12002,0
31324,0
8704,0
30201,0
18955,0
5586,0
30594,0
22129,0
15075,0
22076,0
19095,0
8687,0
28715,1
25623,1
3445,0
4326,0
16651,0
2484,1
14577,1
20960,0
303,0
5412,0
12512,0
9976,0
8834,0
18105,0
32157,0
24859,0
30825,0
5496,0
1982,1
2521,1
25251,1
22678,0
23123,0
32074,0
6030,0
21609,0
1244,0
16560,1
5015,0
28783,0
22809,0
20532,0
14040,1
11813,0
1684,0
20453,0
1726,1
1343,1
27552,0
2003,1
7186,0
25471,0
23471,0
10371,0
23477,0
640,1
11529,1
8289,0
19799,0
5180,0
31069,0
9762,0
3678,1
29273,0
11789,0
25827,0
5908,1
7557,0
1556,1
29527,0
20561,0
5628,0
9171,0
5712,0
14572,0
1981,1
4979,0
18430,0
29176,0
10300,0
21935,0
16644,0
19033,0
1531,1
1481,0
32022,0
16823,0
27654,0
18812,1
19694,0
705,1
18765,0
26122,0
16473,0
32479,1
3263,0
20265,0
31145,0
11702,0
7129,0
31978,0
6482,0
7794,0
20973,0
14910,0
1606,1
8163,0
2629,1
28293,0
31695,0
29478,0
19576,1
16181,0
6209,0
14173,0
14800,1
805,1
32313,0
11328,0
20448,1
31664,0
11179,0
1960,1
24711,1
12550,0
16825,0
7037,0
10903,0
22589,0
5549,0
26757,0
3007,1
11394,0
11942,0
11596,0
21003,1
22557,0
6423,0
10700,0
14670,0
10146,0
19426,0
12283,0
16253,0
27206,1
27801,0
6703,0
11892,0
23900,0
32419,0
31535,0
6052,0
29232,0
8130,0
15647,0
23470,0
15056,0
17632,0
26262,1
25475,0
13023,0
14182,0
18380,0
29707,0
27464,0
18124,0
32117,0
19031,0
7550,0
25539,0
5271,1
9658,0
17847,0
6362,0
20844,0
1771,1
30536,0
21803,0
9842,1
6220,0
3602,0
22921,0
26433,0
12510,0
30158,0
4428,0
6248,0
6434,0
7943,1
1914,1
23736,0
10905,0
26040,0
9254,0
18007,0
9462,0
8769,0
25374,0
4465,0
17324,0
7923,0
8729,0
11773,0
27563,0
13324,0
26612,1
9329,0
2961,0
8811,0
18037,0
16708,0
15206,0
1025,0
17526,0
12576,0
1944,1
532,0
25906,0
5936,0
7069,0
5777,0
20744,0
27204,0
6830,0
8165,1
24849,0
23909,0
27133,0
13514,0
11902,1
29804,0
7974,0
26113,0
8893,0
14885,0
7354,0
8085,0
6570,0
23667,0
27911,0
8153,0
18026,1
27927,1
5484,0
12456,0
6807,0
82,1
10149,0
25863,0
19743,0
14093,0
7597,0
29914,1
8157,0
17568,0
7915,0
16461,0
19600,0
28800,0
9183,1
29054,0
9715,0
3683,0
168,0
25544,0
10182,0
3898,0
26920,0
14169,0
10989,1
1621,1
20747,0
14382,1
2663,1
24629,0
323,0
21260,1
11248,0
13595,0
32545,0
11546,0
24495,0
27740,0
3682,0
8854,0
19649,0
10453,0
31675,0
26033,1
11071,0
19126,0
3287,1
7089,0
6908,0
12642,0
19159,0
32005,1
4607,0
8143,0
10255,0
13099,0
1532,1
19510,0
17486,1
24343,0
31802,1
24074,0
14036,0
7906,1
12514,1
6665,0
2201,1
23822,0
25498,0
7941,0
31871,0
20911,0
18690,1
1333,0
30304,0
23223,0
20110,0
31012,0
29538,0
18851,1
751,1
1320,0
18546,0
17565,0
11226,1
190,1
30499,1
19840,1
16642,0
6688,0
22935,0
3958,0
8122,0
5170,0
9468,0
22646,1
30337,0
12868,0
17831,0
7348,0
1024,0
27412,1
3421,0
31332,1
1770,1
20173,0
10264,1
9233,1
24351,0
13888,0
28975,0
21608,0
15507,0
4117,0
14660,0
18633,0
31022,0
20614,0
5266,0
25929,0
17712,0
24135,1
21058,0
14281,0
17354,0
29412,0
5434,0
12853,1
15526,0
20227,0
9117,1
3191,0
31030,0
10694,0
15239,0
9294,1
27880,0
19457,0
1446,0
24767,0
17481,0
10415,0
21547,0
21134,0
18589,0
18102,0
21918,0
27618,0
14836,1
24575,0
5840,0
21259,0
23053,0
17563,0
20948,0
13880,1
26444,0
2438,1
7280,0
9535,0
11358,0
8207,0
1483,0
22559,0
25521,1
31187,1
23858,0
13987,0
6188,0
12292,0
24621,0
22618,0
8166,0
16658,1
30515,0
6987,0
19041,0
23623,0
2811,1
26734,0
15230,1
25483,0
15577,0
18252,0
28804,0
28901,0
17590,0
5713,0
7905,0
12280,1
15269,0
20102,0
17941,1
9855,0
10482,0
1827,1
1079,0
1189,0
31726,0
901,0
24904,0
3924,0
25697,0
27378,1
16997,0
1342,0
28650,0
23518,0
19107,0
15101,0
19776,0
29533,0
29430,0
19046,0
29632,0
32429,0
12993,0
15888,0
9894,1
21385,0
16602,0
4728,1
4951,0
5864,0
3089,1
16327,0
2060,1
340,0
12054,0
25959,0
9250,0
10322,0
28579,1
18622,1
7257,1
28689,0
28236,0
28971,0
23611,0
3747,0
1772,1
25415,0
13340,0
12042,0
6876,0
24953,0
26746,0
23536,0
27686,0
12080,1
11802,0
20566,0
3964,0
17240,0
10906,0
7526,0
22782,0
1995,1
27744,0
2895,1
30130,1
25775,1
28253,1
16316,0
27485,0
11921,0
19370,0
31510,0
26155,0
30208,0
32042,1
19535,0
7862,0
10312,0
6287,0
22934,0
15668,0
29030,0
23803,0
4917,0
28146,0
4390,0
3663,0
32458,0
29716,0
14156,0
30754,0
3317,0
19395,0
21466,0
21432,0
10,1
1547,1
97,0
14008,0
15629,1
19499,0
30955,0
22798,0
24118,0
16558,0
25149,0
20175,0
29797,0
31266,0
26675,0
8876,0
27580,0
8920,0
27692,0
24787,0
29037,1
4974,0
3350,0
27428,0
6157,0
11621,0
13560,0
26343,0
3843,0
8203,1
31939,0
30121,0
22808,0
5410,0
30111,0
639,1
14735,0
10740,0
7,0
25914,0
1272,0
6978,0
4889,0
28069,0
15590,0
5030,0
4341,0
11311,0
24152,0
31141,0
20619,0
6301,0
4355,0
5357,0
3396,0
28848,0
210,0
18535,0
21737,0
13227,0
7378,0
23478,0
28810,0
380,1
15029,0
16608,0
4582,1
6843,0
26874,0
13017,0
30677,0
29494,0
6234,0
2853,1
9006,0
18405,0
12623,0
22013,0
13641,0
10689,0
6439,0
15083,0
1022,0
27562,0
15096,0
19025,0
16906,0
3635,0
385,1
7973,1
26092,1
27943,0
14509,0
31236,1
22564,0
17292,0
30235,0
4981,0
3530,0
12144,0
16305,0
19905,1
9588,0
7143,1
12575,0
10753,0
31518,0
10567,0
26450,1
4670,0
18661,0
32146,0
30791,0
29154,1
2662,0
17061,1
20695,0
15817,0
32206,0
71,0
29544,0
3966,0
8018,0
11447,0
23880,0
155,0
26956,0
995,0
10604,0
9798,0
7053,0
11009,0
24341,0
4766,0
23329,0
16075,0
28353,0
19760,0
4034,0
30833,0
30568,0
7331,0
20286,0
18995,0
28495,0
18099,0
8701,0
12113,0
5634,1
12052,1
9154,0
11904,0
29310,0
22438,0
23110,0
19699,0
25500,0
28203,0
3369,0
19529,0
7385,0
14892,0
21252,0
20262,0
28532,0
27370,0
20178,1
16563,1
24841,0
26381,0
27566,1
15796,0
19214,1
8640,0
29661,0
30481,0
13938,0
24282,1
25595,0
10691,0
9607,0
659,1
24688,0
7228,1
7665,0
16868,0
27689,0
14703,0
16101,0
18525,1
2235,1
25389,0
18798,0
2720,1
30138,1
13926,0
16326,0
11305,0
27458,0
20540,1
6148,1
22480,0
32316,0
29952,1
28546,0
24296,0
14500,0
26390,0
6920,0
8942,0
6039,0
13857,0
4684,0
15314,0
12987,0
3638,0
20348,0
7213,0
15336,0
3896,0
7327,0
14227,0
24463,0
30746,1
24208,0
13708,0
1664,1
31499,0
30228,1
32339,0
819,1
20687,1
29435,0
30478,0
31780,1
31331,0
7535,0
6556,0
5826,1
5863,0
7014,0
17221,0
16740,0
20027,0
26895,1
873,1
8766,1
32532,0
2878,1
21820,0
7370,0
20811,0
13030,1
14819,0
18144,0
14966,0
5631,0
25768,1
32220,0
1857,1
5116,0
3755,1
11954,0
9324,0
25934,0
29669,1
30114,0
10326,0
28237,0
3710,1
11531,0
31719,0
3046,1
10821,0
30769,0
11147,0
18898,0
952,1
15197,0
4605,0
773,1
4384,0
21465,0
13934,0
31115,0
11909,1
25191,0
29700,1
25943,0
31602,0
3995,0
28632,0
10387,1
13164,0
18218,0
13839,0
16779,0
22710,0
14110,0
1953,1
12236,0
10949,0
15,1
29329,0
15911,0
8765,0
1764,1
19906,0
13540,0
23952,0
3944,0
20621,0
22366,1
23362,0
11031,0
25667,0
16736,1
30358,0
27222,0
29401,0
16584,0
27758,0
16430,0
25393,0
10052,0
16677,0
356,1
16711,0
12517,1
4715,0
17334,0
17443,0
31175,0
13796,0
28204,0
32530,0
16633,0
6796,0
27591,0
26496,0
7857,0
11654,0
21131,0
29106,0
17896,0
4255,0
12107,0
7669,0
8657,0
21232,0
31567,0
8822,0
10541,1
12533,0
15002,0
11854,0
17262,0
9447,1
5441,0
5101,1
5109,0
1950,1
15965,0
16784,0
18664,0
22019,0
23763,0
5928,0
31160,0
25378,0
9149,1
5348,1
20329,0
2728,1
17296,0
28371,0
7171,0
27320,0
19809,0
31588,0
14639,0
26510,0
15266,0
26748,0
14332,0
17228,1
5605,0
7949,0
2455,1
1454,0
16627,0
8652,1
24244,0
27286,0
30800,0
4482,0
24026,1
7489,1
15008,1
8867,0
17339,0
21733,0
16246,0
20476,0
7120,0
21223,0
26767,0
22329,1
4847,0
2104,1
21912,0
27123,0
21116,1
20764,0
25469,0
9970,1
22388,0
11086,0
22525,0
5,0
20323,0
7252,0
27588,0
23459,0
19746,1
1453,0
3980,0
19786,0
2673,1
5957,0
22392,0
31400,0
16275,0
19929,0
4476,0
14758,0
30596,0
15716,0
2800,1
23449,0
268,0
7609,0
11093,1
26034,0
1171,0
19811,0
1195,1
32161,0
9878,0
30923,0
5090,0
30275,1
11487,1
7208,0
11838,0
8983,0
21129,0
19716,0
15923,1
8711,0
4035,0
6596,0
8490,0
661,1
1730,1
2117,1
31553,1
11255,0
21781,0
6650,0
22523,0
16294,0
28794,0
12688,0
24533,0
27634,1
24934,0
4524,0
26089,0
1703,1
3807,0
1444,0
28020,0
27882,0
12584,0
2723,1
20412,0
15328,1
21326,0
7352,0
13356,0
26070,0
9200,0
11695,0
31935,0
18412,0
1164,0
18125,1
19875,1
30916,1
22252,0
30073,0
10045,0
19234,0
5948,0
8750,0
28987,0
28471,0
24758,1
508,1
16255,0
28423,0
14967,0
17070,0
9307,0
16865,1
19141,0
4877,1
26224,0
3021,1
32415,0
21468,0
32112,1
17805,0
27674,1
31019,0
31456,0
1604,1
86,1
30717,0
12775,0
19609,0
26241,1
22112,1
21829,0
19901,0
12354,0
31434,0
24964,0
18326,0
24313,0
5291,0
9480,0
30062,0
21951,0
29131,0
24105,0
13810,0
1206,1
2661,1
17426,0
9548,0
27417,1
13615,0
21944,0
447,1
9783,0
6817,0
17804,1
20792,0
23040,0
30237,0
19857,0
21235,0
25680,0
123,0
23730,0
22985,0
6022,1
32463,0
4234,1
30699,1
13866,0
19826,0
21001,0
26546,0
29239,0
30147,0
19284,1
9825,0
3173,1
18077,0
19820,0
4745,0
15184,0
32249,0
22947,0
2978,0
6169,1
8755,1
3412,0
18346,0
19692,1
31574,0
29146,0
14053,0
802,1
31273,0
14195,1
20891,0
28473,0
29587,0
20153,0
19004,0
16922,0
26625,1
28375,0
5021,0
28476,0
10851,0
19669,0
27348,0
24472,0
18479,0
4531,0
14589,1
30300,1
29754,1
28267,0
3311,0
22060,1
17470,0
29364,1
21497,0
13532,0
18628,0
15221,0
3615,0
20698,0
29609,0
17538,0
4804,0
8025,0
9067,0
5327,0
31801,0
14843,0
13691,0
18826,0
29664,0
13896,0
13771,0
10399,1
8441,0
25005,0
23012,0
18891,0
5567,0
15891,1
6134,0
2854,1
23928,0
5419,0
13739,0
10445,0
14932,0
7887,0
16766,0
31420,0
19791,0
9703,0
15399,0
28872,1
28751,0
14160,0
15458,0
30896,1
17887,0
32011,0
3041,1
3904,0
17602,0
14082,0
28782,0
4223,0
24492,0
11353,0
18882,0
28665,1
6763,0
13139,0
12294,1
3670,1
24425,0
338,0
15082,0
21105,0
30805,0
5324,0
23432,0
3600,0
23307,1
22856,0
20608,0
24574,0
19659,1
11438,0
9348,0
21902,0
21050,0
30941,0
21341,1
23690,0
19226,1
11779,1
28956,0
20332,0
20297,0
31810,0
31787,0
27923,0
3388,0
21922,0
14801,0
985,1
5665,0
836,1
32416,0
18879,0
13331,0
20430,0
19990,0
28548,0
5921,1
527,0
29503,0
21296,0
23502,0
32317,0
5573,0
22272,0
29132,0
31773,0
16153,0
5230,1
5140,0
10585,1
16113,0
28119,1
4474,0
5598,0
17996,0
23415,0
12859,0
1892,1
10241,0
18681,0
7962,0
430,1
8627,0
15607,0
18894,0
3084,1
15039,1
30166,1
17388,0
19747,1
27132,0
21721,0
28758,0
23370,1
9833,0
13101,0
20683,0
15112,1
8061,0
23541,0
4462,1
12300,0
10225,0
30924,0
16278,0
20875,0
24602,0
30920,0
10162,0
16722,0
3901,0
30498,0
11356,0
14381,0
24184,0
26723,0
2417,1
31840,0
25159,0
25665,0
7834,0
782,1
31092,0
4840,0
736,1
16534,1
24879,0
4769,0
4689,0
20785,0
12161,0
18791,0
25971,0
4973,0
24005,0
716,1
17891,0
32101,0
11751,0
4627,0
21876,0
24354,1
12715,0
13911,0
10013,0
27863,0
30209,0
32250,0
8350,0
27446,0
4637,0
3992,0
21730,1
28272,0
18923,0
10937,0
2566,1
12013,0
21041,0
30243,0
29081,0
2414,1
24435,0
30864,0
8322,1
26500,0
2352,1
27190,0
23001,0
645,1
5209,0
30459,0
22918,0
11308,0
5084,0
11176,0
29611,0
18109,1
2641,1
19027,0
29467,0
18248,0
18776,0
11543,0
6300,0
8567,0
5190,0
9828,0
24018,0
11461,0
273,1
18463,0
20691,1
17837,1
15034,0
3489,0
24663,0
30305,0
24508,0
117,1
27839,1
14194,0
2848,1
23078,0
27746,0
25157,0
226,0
21927,1
10416,0
32123,0
23047,0
2424,1
19053,1
25360,0
8643,0
9683,1
14814,0
21225,0
18333,0
25298,1
31975,0
21208,1
7587,1
960,1
26927,0
4631,0
27997,0
29264,0
19884,0
21505,0
29815,0
26199,0
7569,0
26805,0
18971,1
3886,0
8676,0
1630,1
6129,0
534,0
24291,0
3548,0
8801,1
2958,0
20736,0
15878,0
4604,0
32374,0
27250,0
13974,0
19795,0
14129,0
2272,1
5141,0
9487,0
27690,0
28387,0
3818,0
2279,1
20886,0
18137,1
31292,0
9040,0
21787,1
29893,0
30887,0
25492,0
29190,1
26841,1
13599,0
11919,0
22930,0
26216,0
15420,0
4412,0
4422,0
6879,0
30023,0
20496,0
27857,0
14863,0
18538,0
19574,0
20191,0
16672,0
2730,1
26614,0
29719,0
32063,0
19157,0
31914,1
10739,0
2017,1
17127,0
13221,0
17165,0
19098,1
22358,0
13105,0
27809,0
10411,1
2398,1
1004,0
24617,0
22768,1
24062,0
6547,1
22684,0
6548,0
11717,1
21064,0
13430,0
19072,0
1509,0
28784,0
3458,0
30338,0
7926,0
10216,0
24237,1
8270,0
4323,0
10227,1
23884,1
11549,0
10655,0
3193,1
22391,1
19922,0
10160,0
20061,0
7696,0
15740,0
17522,0
16965,0
11522,0
30265,0
8214,1
12167,0
5314,0
21406,0
31213,0
19542,0
23107,0
29833,1
23724,0
24684,0
4959,0
30256,1
4837,0
299,0
807,1
31746,0
6143,0
14151,0
18669,0
21085,0
31813,0
23939,0
12819,0
28370,0
24186,0
17347,0
21908,1
29906,0
25988,0
728,1
11078,0
31612,1
26410,0
14680,1
5113,1
8810,0
13088,0
7792,0
18854,0
1660,1
25056,0
30364,1
2029,1
25368,0
30502,0
11420,1
9043,0
1498,0
4359,0
15851,0
17990,0
8613,0
29061,0
15232,0
2724,1
32087,0
14003,0
747,1
132,1
418,1
22988,1
28152,0
26651,1
26068,0
24308,0
16353,0
16910,0
17171,0
29774,0
17715,0
8566,0
27940,0
29711,0
11005,0
19154,0
25744,0
2708,1
10490,1
3472,0
28562,1
10815,0
22777,0
18654,0
20686,0
10127,0
9926,0
3512,0
23731,0
13950,0
3398,0
11426,0
14431,0
15681,0
12187,0
12095,0
24678,1
25730,0
30252,0
14678,0
27289,1
13016,0
16244,0
5717,0
2408,1
3123,0
26099,0
271,0
26037,0
7451,0
13435,0
8038,0
16292,0
12886,0
29444,0
11488,0
22568,0
7161,1
14778,0
11320,0
11454,0
26372,0
8032,1
14337,0
4367,0
4989,0
7273,1
16576,0
26047,0
17325,0
26218,0
27235,0
23279,0
12063,0
4144,0
31483,0
18817,0
24340,0
12530,0
22470,1
10368,1
25536,0
6040,1
10329,0
22810,0
22759,1
18041,0
22496,1
12265,0
8642,1
6595,0
18758,0
12871,0
16090,0
19190,1
13921,0
8068,0
2969,1
4578,0
12255,0
834,1
224,0
7833,0
24581,0
31647,0
11206,0
8631,0
25059,0
25649,0
15845,0
14620,1
5637,0
29653,0
4445,1
3194,1
27101,0
28147,0
25803,0
974,1
9885,0
16762,0
22999,0
690,1
12818,0
14211,0
22418,0
8653,0
26311,0
30832,0
26777,1
12178,0
6780,0
21376,0
6765,0
8526,0
26580,0
13432,0
8870,0
4313,0
31494,0
19500,0
21438,0
6664,0
8902,0
10389,0
22359,0
14240,0
27108,0
11618,0
24710,0
3917,0
31454,0
31847,0
16002,0
4773,0
7944,0
4832,0
13755,0
31040,1
31054,1
15739,0
14338,0
25090,0
9766,0
13507,1
22762,0
28555,0
31529,0
14135,0
26376,0
26721,1
19192,0
29579,0
18433,0
32099,0
21431,0
26492,0
5174,1
11515,0
3435,0
17145,1
16399,0
26872,0
11254,1
20670,0
26069,0
2818,1
28772,1
26558,0
4756,0
3163,0
1420,0
27925,0
20653,0
2922,0
15525,1
22263,0
21286,0
15428,0
25652,0
28211,0
31763,0
2289,1
8353,0
17806,0
1616,1
13697,0
24766,1
16505,0
1783,1
3985,0
24728,1
28218,0
27134,0
20946,0
13115,0
10607,0
15994,0
17257,0
2221,1
19059,0
14198,0
13399,0
32392,0
17648,1
12601,0
5503,0
31128,0
8493,0
12417,1
14562,0
13694,0
18888,0
16489,0
20483,0
25114,0
28710,0
14344,0
7095,0
14298,0
4414,0
15411,1
27944,0
14032,0
13588,0
7631,0
26154,0
20981,0
66,1
21152,1
28220,1
12766,1
31605,0
30319,0
13872,0
9502,0
26419,0
29617,0
17036,1
15669,0
16915,0
6402,0
27693,0
1972,1
17404,0
18341,0
7109,0
29646,0
16744,0
24658,0
17068,1
15340,0
10536,0
6607,0
11414,0
9990,0
20435,0
1637,1
25760,0
15633,0
4844,0
22802,0
6278,0
27640,1
10617,0
12415,1
16827,0
10619,1
31201,1
3551,0
24149,0
4000,0
18990,1
11918,1
28746,0
9279,0
31903,1
31176,0
1162,0
10602,0
20389,0
19640,0
22955,0
27600,1
6347,0
24076,0
12812,0
30426,1
6679,0
28502,0
10717,0
12193,0
6760,0
26655,0
13502,0
25778,0
19337,0
25235,0
22773,0
11759,0
27017,0
25021,0
11091,0
29119,0
20302,0
11903,0
21270,0
4071,0
23856,0
25531,0
3496,0
21037,0
3129,1
11929,1
25009,0
5984,1
18823,1
8151,0
10395,0
7969,1
11462,0
6214,0
18848,1
13793,0
2877,1
1562,1
20066,0
17051,0
13672,1
18833,0
10693,0
2387,1
2937,0
12020,0
27540,0
16830,0
31710,0
1308,0
12823,0
18796,0
22741,0
4511,0
24556,0
4358,0
21046,0
9939,0
24086,0
22845,0
15108,1
15731,0
2409,1
6511,0
20929,0
21700,0
422,1
9291,0
12491,0
18917,0
5784,1
6849,0
27018,0
11607,0
24166,0
25981,0
3006,1
18723,1
11197,0
26887,0
31589,1
25252,0
576,1
22558,1
13006,1
30273,0
29077,0
27460,0
27245,0
1631,1
2430,1
8970,0
12799,0
2790,1
2169,1
13004,0
24817,0
3778,0
17180,0
24770,1
30232,0
25038,0
28061,0
9533,0
12836,0
2637,1
4994,0
9819,0
6657,0
14698,0
1188,0
25161,0
6257,0
1443,0
7367,0
29814,0
3235,0
19225,0
19611,0
17657,1
3019,1
13490,0
25565,1
7373,0
14713,0
25611,0
3490,0
25433,0
22302,0
8522,0
17647,0
22192,0
2772,1
6621,0
30868,0
30518,0
28421,0
25907,0
13168,0
31094,0
22986,0
28842,0
22892,0
5841,0
11579,0
25022,0
4621,0
30375,1
16393,0
20610,0
16612,0
19801,1
29852,0
29636,1
6485,1
2628,1
17412,0
26822,0
18040,0
22291,0
4155,0
19975,0
3210,1
5085,0
17464,0
30139,0
3976,0
28592,0
15993,1
17699,0
29042,0
174,0
27507,0
29296,0
20997,0
18480,0
9089,0
10342,0
5124,1
19388,0
11166,0
24584,0
26971,1
24790,0
26234,0
31170,0
23765,0
20020,0
23007,1
4815,0
28296,0
11651,1
30258,0
17456,0
19463,0
15456,0
10442,0
11614,0
16485,0
11992,0
6671,0
26282,0
28840,0
4726,0
18358,0
9584,0
27649,0
13222,0
17598,0
17271,1
28557,1
27662,1
15809,0
28318,0
18379,0
17971,0
19345,0
15746,0
13893,0
25169,0
21729,0
27727,0
31166,1
5010,0
26533,0
14919,0
28490,0
16162,0
28181,0
912,0
7800,0
3452,0
26815,0
9645,1
25966,0
27441,0
31886,0
983,1
4174,0
21904,1
15240,0
30949,0
8917,0
613,1
4113,0
30263,0
4437,0
19741,0
31696,0
6812,0
22733,0
9335,0
22994,0
25486,0
17135,0
26931,0
5624,0
3876,0
9964,1
9934,0
15023,0
24031,0
27657,0
22669,1
28695,0
2504,1
27387,0
11379,0
634,1
11731,0
21140,0
25590,1
6140,1
1117,0
21324,0
5641,1
29788,0
32482,0
11033,0
27310,0
25270,0
9407,0
17580,0
17090,1
18342,0
5193,0
4669,0
27813,0
25004,0
19233,0
29560,0
31993,0
18082,0
19878,0
4817,0
24959,1
16149,0
25513,0
30247,0
30241,1
25769,0
29305,1
2501,1
5546,0
31184,0
2174,1
14672,0
16879,1
5424,0
30120,0
27760,0
5608,0
23340,1
13841,0
13798,0
5715,0
31493,0
8413,0
19186,0
2397,1
31880,0
6247,0
6118,0
2314,1
16834,0
29743,1
15785,1
23840,0
16218,0
22520,0
29759,0
5321,0
26129,1
2680,1
27741,0
15540,0
7770,1
30544,1
4538,1
16015,1
1009,0
10357,0
25554,0
927,0
27231,1
18327,0
4092,0
18240,0
6406,0
26819,0
22840,0
7981,0
3879,0
26076,1
23764,0
15208,0
19759,0
22059,0
7977,0
11490,0
17425,0
11861,1
2202,1
27521,0
12137,1
23101,1
14190,1
18386,0
24485,0
16148,0
15871,1
20851,0
9165,0
17170,0
25538,1
25439,0
11728,0
21755,1
1694,1
28983,0
28463,0
10285,1
3286,0
27537,0
6366,0
28222,0
30334,0
18537,0
4736,0
13833,0
19217,0
19607,0
18072,0
29462,0
6566,0
19538,0
11185,1
22958,0
30497,0
12009,0
889,1
18773,0
7465,0
20794,0
28407,0
5718,0
32366,0
7136,0
16862,0
12725,0
17360,0
12383,0
9249,1
16462,0
31350,0
28985,0
18078,0
19309,0
21458,0
13809,1
17548,0
6913,1
16477,0
20631,0
11044,0
14508,0
24505,0
23625,0
27129,0
25507,0
25788,0
11279,0
21143,0
26051,0
18212,0
1270,0
28429,0
7270,0
4780,1
10424,0
21030,0
6483,0
17811,1
3484,0
29584,0
30808,0
20636,0
26535,0
30386,0
5769,0
27847,0
31652,0
15654,0
2112,1
26355,1
4861,0
10238,0
12164,0
18176,0
10090,0
13425,0
17785,0
19299,0
30834,0
30475,0
3085,1
27203,0
24683,0
14275,0
4196,0
7478,0
3978,0
31051,0
5878,0
21284,0
16046,0
32217,1
7144,0
17033,0
5680,0
27995,1
11545,0
9170,1
27246,0
23517,0
30143,0
5822,0
9333,0
23990,0
25017,0
15452,0
29624,0
28113,0
10968,0
32499,0
32453,0
31316,0
27099,0
16614,1
22544,0
6063,0
17745,1
27935,0
30940,0
14071,0
10468,0
4879,0
4024,0
30948,0
20890,0
11874,0
31240,1
8710,0
5768,0
3030,1
3406,0
21857,0
4406,1
9563,0
13355,0
24634,0
21056,0
7940,0
17166,1
13837,0
21263,0
31816,0
9218,1
17395,0
19340,0
4930,0
14246,0
23410,1
2487,1
10359,0
27770,0
5725,0
9559,0
25841,0
984,1
11189,0
4798,0
4518,0
14067,0
20401,0
12534,0
21981,0
2747,1
12548,0
24025,0
10572,1
10662,0
21940,1
4776,0
29321,1
24287,0
6592,0
14721,0
11778,0
15500,1
8161,0
21858,0
12765,0
5378,0
19737,0
18505,0
21846,0
31893,0
25070,0
15102,0
7585,1
32500,0
21329,1
27019,0
3242,0
30092,0
14449,1
28636,0
3808,0
24851,0
19558,0
19407,0
2360,1
2223,1
25097,0
23668,0
12587,0
24636,0
18849,0
17812,0
3116,0
23249,0
16087,0
27876,0
10308,0
31501,0
19534,0
22707,0
20009,0
31076,0
13772,0
25109,1
12865,0
23890,0
10794,0
6542,0
27905,0
31445,1
11787,0
18937,0
7596,1
20867,0
7269,0
5924,0
6712,0
14386,0
7818,1
6056,0
26210,1
21522,0
2828,1
21878,0
20771,0
15442,1
29921,0
26490,0
14571,0
10640,0
22473,0
15464,0
499,1
23934,0
19989,0
18134,0
30914,1
13273,0
19594,0
3550,0
813,1
1543,1
13214,0
26435,0
23542,0
31655,0
14359,0
4263,0
30804,0
28044,0
17024,0
1900,1
21523,0
487,1
4469,0
17327,0
24256,0
1891,1
24501,0
27394,0
17092,0
11547,0
5060,0
26628,0
23866,1
24749,0
24736,0
20668,0
22250,0
28637,0
29023,0
8551,0
31610,0
1152,0
6545,1
19001,1
28079,0
5386,0
6488,0
26644,0
13877,0
27247,0
22247,0
17504,0
20717,0
31577,0
8156,0
27884,0
18274,0
2176,1
26038,0
21108,0
4679,0
25209,0
4507,0
16619,0
26731,0
26261,0
25514,0
3072,1
16669,0
9144,0
18828,0
16056,0
22792,0
20486,0
28455,0
25060,0
10240,1
17232,0
27072,0
26474,1
7702,0
28080,0
13166,0
28254,0
8407,0
30703,1
232,0
24395,1
8965,0
31703,1
28,1
30404,0
2225,1
4948,0
16678,0
21153,0
955,1
16332,0
27484,0
14741,0
10775,0
14414,0
24081,0
21069,0
5833,0
2050,1
11611,0
6524,1
951,1
27435,0
8440,0
22426,1
24091,1
23874,0
11134,1
22842,0
3170,0
811,1
15310,0
10715,0
4409,0
1959,1
2491,1
12927,1
26537,0
23108,0
2062,1
22305,0
15272,0
1396,0
25642,0
28276,0
5707,0
30056,0
22268,1
7430,0
22912,0
22183,0
28699,0
9977,0
22326,0
5700,0
25912,1
9620,0
9139,0
225,0
10360,0
8329,0
11793,0
27804,0
12281,0
11831,0
12959,0
24179,0
20303,0
40,1
32297,1
26760,1
25089,0
28470,0
24447,0
22937,0
20603,0
14594,1
244,1
16885,0
767,1
29575,0
6563,0
1657,1
11080,0
21660,0
17069,0
3758,0
11408,1
15136,0
18944,0
18996,0
9403,0
3048,1
1121,0
18719,0
11095,0
13570,0
19842,0
3801,0
5401,0
3647,0
1572,1
11584,0
32138,0
919,0
21026,1
17988,0
4785,0
3138,0
10890,0
7064,0
17685,1
32246,0
25462,0
4078,0
28998,1
13472,0
30405,0
14035,0
17449,0
16184,0
3767,0
1742,1
26405,0
27735,0
29156,1
22067,0
4213,0
14282,0
13660,0
10681,0
18643,0
16888,0
21027,0
9670,0
14128,0
16544,0
6236,1
11946,0
19304,0
29787,0
7166,0
31284,0
23787,0
14604,0
16662,0
21600,0
7295,0
7698,0
8149,0
5483,1
21066,0
23458,0
4186,0
13201,0
3596,0
7873,0
31133,0
18108,0
16928,0
9374,0
9126,0
23366,0
7668,0
16098,0
29768,0
19162,0
6401,1
5019,0
10316,0
2551,1
19252,0
19859,0
23907,0
23873,0
16424,0
4336,1
15300,0
27748,0
7429,0
15041,0
19572,0
20122,1
1946,1
16418,0
28225,0
15469,0
22459,0
1510,0
21860,0
28142,0
26029,0
6306,0
31143,0
2353,1
24280,1
10880,0
19123,0
19038,0
30928,0
32520,0
5733,0
17446,1
12379,0
14050,0
4593,1
29498,0
4792,0
8485,0
17636,0
8066,0
14410,0
16577,0
26188,0
19359,0
30592,0
25813,0
11833,0
17952,0
10344,0
30574,0
15246,0
18182,0
9627,0
22943,1
18627,0
29221,0
131,1
19645,0
12012,0
5003,0
19696,1
7994,0
19326,0
5229,0
893,1
25568,0
1109,0
4440,0
6729,0
21124,0
19851,0
24235,0
17219,0
18617,0
21893,0
25207,0
19604,1
20573,0
29981,0
14602,0
5914,0
11809,0
21074,1
14616,0
20333,0
16239,0
18998,0
27109,0
25583,0
13228,0
9375,0
24562,0
5426,0
30463,1
28445,0
2745,1
26057,0
10534,0
10947,0
718,1
17835,1
14628,0
4240,0
81,1
29258,0
12422,0
29204,0
9192,0
30547,0
31245,0
28309,0
26828,1
17683,0
17993,0
19866,0
24437,0
9619,0
28529,0
19858,0
10975,0
12639,0
12709,0
32548,0
10680,1
31620,0
31868,0
21825,0
13864,0
17355,0
15549,0
24374,0
21896,0
10369,0
19362,0
18889,1
32356,0
14601,0
8873,0
30991,0
6646,0
22959,1
24371,0
9650,0
3183,0
9017,0
26377,0
31046,1
5581,0
20877,0
7035,1
3140,0
18520,0
25359,1
21555,0
28549,0
9157,0
18596,0
21651,0
6639,0
10745,0
1808,1
4772,0
7712,0
7281,0
17960,0
17582,1
26280,0
28927,0
32118,1
16104,0
9647,0
28585,0
22484,0
19981,1
15400,0
7149,0
17859,0
15127,0
30894,0
22334,1
1768,1
26442,0
10924,0
1405,0
1363,0
21556,0
26781,0
24962,0
13132,0
7693,0
30726,0
5824,0
12554,0
31796,0
32044,0
12629,0
24646,0
10930,0
8693,1
5719,1
17684,0
5284,0
5202,1
4015,0
29626,0
5159,0
29592,0
8612,0
3700,1
5786,0
15121,0
32301,0
6266,0
25926,0
4890,1
13123,0
18960,1
26649,0
17222,0
8390,0
27409,0
29781,0
24712,0
3956,0
23558,0
28322,0
11944,1
20340,0
18897,0
1781,1
23647,1
23974,0
20602,0
16132,0
30184,0
7487,0
2573,1
22275,0
22600,0
6576,1
22939,0
10486,0
31565,0
15600,0
16411,1
21728,0
28851,0
22529,1
7288,0
3316,0
24226,1
15105,0
14948,1
31846,1
32369,0
28256,0
30028,0
17189,0
6096,1
2326,1
27175,0
23864,0
19885,0
27349,1
24957,0
26771,0
20190,0
23792,0
13951,0
19167,0
29285,1
29590,0
19819,0
1919,1
1329,0
26648,0
7933,0
16758,0
6732,0
161,0
12226,1
16684,0
23845,1
5802,0
3462,0
4541,1
1502,0
29376,0
22830,0
18830,1
8378,0
16224,0
3341,0
25984,0
18084,0
28819,0
21242,0
3654,0
6150,0
25238,0
32165,0
7581,1
10638,0
12201,0
4419,1
19843,0
20118,0
27866,0
26833,0
16495,0
12112,0
11089,1
31081,0
32040,0
14028,0
26235,0
6241,0
3579,0
20647,1
22442,0
2913,1
20570,0
7187,0
9984,0
29697,0
30240,0
1089,0
25666,1
7837,0
24095,0
24838,1
28291,0
20715,1
4254,0
15990,0
16506,0
26351,0
26918,0
30648,0
31248,0
15117,0
25200,0
31857,0
21822,0
6153,0
22805,0
19610,0
2948,1
7126,0
12258,0
17780,0
4417,0
31904,0
22970,1
18554,0
19603,1
19545,0
11608,0
5102,0
28604,0
1733,1
4108,0
1332,0
260,1
2888,1
21972,1
12175,0
3861,0
18131,0
27396,0
15229,0
14679,0
25719,1
12102,0
3181,0
3344,0
11415,1
31151,0
12005,0
7515,0
6694,0
25413,0
17554,0
1002,0
8919,0
16355,0
31584,1
16343,1
10447,0
30672,0
14936,0
16675,0
28277,1
20128,1
11473,1
12877,1
17935,0
13589,0
27361,0
22834,0
25879,0
17234,1
8383,0
10599,0
4321,0
9426,0
7656,0
26184,0
12523,0
4122,0
6389,0
20727,0
20213,1
26729,0
8531,0
14346,0
14143,0
27335,0
11648,0
21798,0
2370,1
12982,0
6600,0
25695,0
719,1
28454,1
25054,1
2945,1
18814,0
8471,0
14893,0
2114,1
20242,0
12262,1
23419,0
13542,1
31003,0
6231,0
31124,1
31987,1
3552,0
21521,0
28334,0
14699,0
6743,0
21637,0
13886,0
23543,0
9624,0
30335,0
10006,0
21812,0
19077,0
9210,0
21093,0
15001,0
12963,0
3145,0
32192,0
17286,0
3816,0
2005,1
30576,1
23216,0
6067,0
6491,0
12140,0
29819,0
4170,0
12248,0
9280,0
22997,1
2203,1
27172,0
27060,0
13385,0
27301,0
17618,1
16388,0
28673,0
2614,1
11913,0
3337,1
13332,0
3705,0
26130,0
24360,0
3429,0
3187,0
21738,0
1885,1
32265,0
17314,0
30662,0
19227,0
16920,0
2315,1
29416,1
16189,0
6128,1
26177,0
14950,0
14046,0
15462,0
23751,0
2372,1
8280,0
32486,1
19172,0
21503,0
2783,1
24918,1
10785,0
24120,0
15912,0
9921,0
4801,0
22822,0
10396,0
2386,1
15415,0
18132,0
1571,1
26111,1
31706,0
8980,0
3177,0
15673,1
515,1
911,0
12541,0
27901,1
7588,0
7919,0
10003,0
9694,0
23537,0
15205,0
9808,0
2300,1
30314,0
11109,0
29254,1
30014,0
8147,0
18652,1
10343,0
15991,0
25067,0
8173,1
21467,0
9589,0
15930,0
10945,0
28934,1
14653,0
10464,0
9008,0
16125,0
29958,1
22652,0
9225,1
21187,0
29997,0
4744,0
19400,0
5556,0
12678,0
3249,0
20611,0
9338,0
10016,0
17233,0
17397,0
14641,0
14184,0
21870,0
23280,0
7554,1
1729,1
29442,0
8301,0
856,1
16035,0
14254,0
23802,0
5872,0
31985,0
7365,1
20471,0
18459,0
5887,0
26264,0
6471,0
25961,0
18159,0
22034,0
17492,0
9474,0
20701,0
23011,1
23499,0
18475,0
26132,0
32498,0
27048,0
15106,0
13853,0
17299,0
3857,0
11419,1
6135,0
21190,1
25605,0
3379,0
5480,0
24442,0
13304,0
17729,0
13361,0
3359,0
16664,0
15558,0
31528,1
16291,1
12132,0
29683,0
6720,0
17128,0
8316,0
16304,1
20482,0
20829,0
11816,0
32497,0
4734,0
4146,0
31506,0
21010,0
545,1
31371,0
8737,0
9048,0
14744,0
2443,1
24125,1
12907,0
29000,0
6295,0
25494,0
4187,0
5882,0
6476,0
13822,0
28031,0
23579,0
24955,0
10500,0
10068,0
15722,1
30091,0
19068,0
21499,0
31694,0
6350,0
28522,0
7638,0
3831,0
30072,0
30721,0
31101,0
29177,0
19175,0
8185,0
8829,0
26647,0
16863,0
17440,0
256,0
18493,0
32324,0
3203,0
32402,0
4619,0
31684,0
14824,1
27610,0
9815,0
3777,0
25601,0
24857,1
2914,1
32348,0
15054,1
23758,0
5898,0
31925,0
9272,0
18305,0
25815,0
24303,0
30905,0
31771,0
8999,0
15919,0
25362,0
30906,0
18466,0
29830,0
10977,0
32006,0
8580,0
32443,1
1357,0
26292,1
18225,0
27966,0
13225,0
3157,0
23826,0
13455,0
23491,0
10641,0
27571,0
204,0
31192,0
19153,1
3022,1
7628,0
22223,0
27284,1
19142,0
6177,0
32048,1
31691,0
16517,0
22734,0
19368,0
24854,1
30206,0
7244,0
2082,1
27585,0
20718,0
10529,0
4230,0
11106,0
24078,0
28003,1
19767,1
21762,0
14091,0
8193,0
22504,0
18942,0
6344,0
18193,0
17933,0
2222,1
16923,0
25317,1
5007,0
28921,0
15018,0
11486,1
17458,1
12524,0
27576,0
14249,0
12185,0
4490,0
930,0
26127,0
17755,1
27539,0
22727,0
2137,1
14380,0
21769,0
21682,0
7488,0
12861,0
6418,0
29980,0
16020,0
11302,0
1581,1
18446,0
7399,0
24089,0
2847,1
15408,0
6002,0
12116,1
23326,0
3068,1
13635,0
1237,0
16870,0
5143,1
8504,1
5009,1
5026,1
3517,0
16395,0
9710,0
11397,0
9572,0
9377,0
17161,0
26332,0
3533,0
18071,0
1864,1
12232,1
7400,0
2400,1
31277,1
9661,0
4954,0
5504,0
31643,0
28837,0
21928,0
32510,0
11129,0
32215,0
28879,0
9986,0
5704,1
3267,0
3881,0
28929,0
1538,1
7023,0
3078,0
13906,0
1336,0
25557,0
28313,0
23260,0
29067,0
9618,0
12738,0
28466,0
18276,0
29905,0
14148,0
17838,0
27020,0
22661,0
670,1
9309,0
28009,0
23174,0
15204,0
25576,0
9336,0
17073,0
23548,1
31539,1
29433,0
23185,0
12188,0
815,1
26592,0
28960,0
32136,0
4977,0
27107,0
23389,0
12720,0
30219,0
11111,0
22553,0
23397,0
6697,0
5825,0
1656,1
31432,0
603,1
7893,0
27781,0
22971,1
9137,0
15365,0
14486,0
14984,0
2188,1
11123,0
24772,1
28098,0
935,1
9537,0
9985,0
23574,0
16737,0
3151,0
15412,0
2063,1
23176,0
27978,0
28865,0
18023,0
26738,0
30487,0
12972,0
31282,0
28843,0
8022,0
5849,0
25648,0
1888,1
7021,0
20423,0
2162,1
2319,1
3147,0
22177,0
23935,1
5721,0
1525,1
14879,0
12295,0
31761,0
20971,0
21210,0
15490,0
18713,1
8670,0
15610,0
16691,1
30484,0
28612,0
16513,0
797,1
11310,0
3874,0
24199,0
16074,0
21373,0
20871,0
15868,0
25772,0
6291,1
6918,0
5343,0
446,1
19321,0
8097,0
24555,0
21532,0
17328,0
23159,0
29018,0
3028,1
272,0
2061,1
10823,0
32462,0
32283,0
16559,0
1409,1
31278,1
9507,0
14903,0
12849,0
27406,1
17777,1
26630,0
24330,0
29520,0
11230,0
976,1
3760,0
2809,1
9146,0
106,1
29554,0
29548,0
16845,0
6367,0
20612,0
7217,0
5815,0
27842,0
13395,0
12834,0
10498,0
1917,1
15323,0
24578,0
5541,0
4251,0
21048,0
25261,0
30409,0
13352,0
18424,0
18300,1
6736,0
30771,0
3694,1
116,1
30627,0
8239,0
6854,0
14351,0
17078,1
27589,1
11560,0
9824,0
9962,0
13205,0
31016,0
13745,0
5281,0
19872,0
14133,0
255,0
12234,0
8744,1
4828,1
3259,0
4378,0
17865,1
10734,0
31197,0
29053,0
22184,0
26333,0
814,1
1179,0
3501,0
1291,0
31798,0
22098,0
3456,0
20667,0
30912,0
22747,0
27451,0
29360,0
29211,0
6317,0
31877,0
30676,0
16710,1
18348,0
31812,0
2288,1
24020,0
3294,1
1958,1
4525,0
16238,0
21125,1
18587,0
2258,1
27300,0
12145,1
24197,1
17418,0
12026,0
7233,0
4720,0
17260,0
8201,0
19267,1
8779,0
25211,0
15368,0
4556,0
22258,0
21489,0
4796,1
16743,0
26812,0
29861,0
31359,0
20275,0
17574,0
14399,0
22647,0
20805,0
22720,0
4105,0
8982,0
6535,0
9071,0
10888,0
3814,0
26527,0
11003,1
31936,0
16242,0
10358,0
1826,1
4435,1
27138,0
6173,0
23486,0
25640,0
22384,0
23363,0
28808,1
159,0
5336,0
12976,0
14867,0
2982,0
12627,0
26160,0
28342,1
22115,0
27850,1
18524,0
30859,0
5828,0
22857,0
22677,0
3385,0
3856,1
24413,0
9203,0
29832,0
25365,0
6988,0
5429,0
24594,0
12471,0
29487,0
15819,0
23057,0
28400,0
6885,0
24783,0
29532,0
23359,1
23037,0
24045,0
16624,0
21582,0
13884,0
11211,0
6258,0
5290,1
586,1
22482,0
5298,0
9033,1
23473,0
20942,0
2167,1
4270,0
21884,0
10020,0
16652,0
23696,0
25627,0
3862,0
30613,1
7728,0
29090,0
29656,0
7952,1
29831,0
28439,0
32244,0
14915,1
15505,0
27713,0
1592,1
26740,1
21568,0
27420,0
17624,0
4908,1
6021,0
27934,0
20949,0
22086,0
3055,1
8777,0
26323,0
22629,0
4508,0
4376,0
25332,0
27919,0
11739,0
29092,0
7019,1
24905,0
6492,0
19838,0
20760,0
28969,0
1756,1
17177,1
14080,1
12706,0
21147,0
17688,0
18483,0
27065,0
20838,0
9127,0
8013,1
29583,0
27936,0
270,0
28947,0
22255,0
26586,1
8638,0
18834,1
180,0
13244,0
9299,1
6890,1
16066,0
18283,0
13698,0
27747,0
28012,1
17667,1
17402,0
10364,1
21970,0
28446,0
18157,0
29603,0
11911,0
31765,0
5942,0
5934,0
3381,0
9422,1
20535,0
4297,0
6539,0
25898,0
20285,1
7485,0
19209,0
18138,0
27258,0
15757,0
27980,0
3909,0
18759,0
28854,0
13052,0
20719,0
12769,1
6567,0
12638,0
13264,1
15081,0
11590,0
30854,0
11979,0
14374,0
17936,1
350,1
32149,1
13773,0
28626,0
18075,0
19369,0
2523,1
11128,0
14515,0
12135,1
20629,0
31153,0
12069,0
18509,0
29368,0
16335,0
21358,1
6642,1
12263,0
18420,0
16083,0
13604,0
5663,0
29572,1
26141,0
10853,0
4767,0
13089,0
28344,0
31851,0
9662,0
31941,0
21605,1
7570,0
1963,1
21369,0
24832,0
5640,0
29573,0
21356,0
4655,0
10234,1
25130,0
13204,0
19637,0
20909,0
26749,0
23729,0
19941,0
2449,1
4871,0
8804,0
27481,0
3075,1
13858,0
32432,0
7613,0
579,1
16739,0
10852,0
21952,0
29341,0
24708,0
24554,1
10361,0
24925,0
26509,0
14586,0
26898,0
683,1
3092,1
8451,0
4867,0
30550,0
20493,1
8818,1
31961,0
27954,0
5731,0
32514,0
16943,0
5182,0
26128,1
31678,0
32018,0
29250,0
28910,0
10323,0
13268,0
18065,1
27609,1
18620,0
22826,1
25358,0
25066,0
21903,1
7107,1
8331,0
22068,0
22274,0
26467,0
1212,0
30507,0
28996,0
24401,0
4969,1
1858,1
21184,1
21622,0
6331,0
26629,0
8116,1
22583,0
26139,0
8747,0
32351,0
28717,0
28004,0
20004,1
26743,0
8742,1
15999,0
8160,0
5955,0
3532,0
16195,0
12334,0
1226,0
17925,0
30822,0
15257,0
25039,0
28404,0
13147,0
12985,0
31398,0
16017,0
12430,0
27376,0
29103,1
27306,0
3890,0
14644,0
3442,1
22630,0
23437,0
10722,0
29595,0
16248,0
23913,0
14441,1
21197,0
8563,0
24973,0
8645,0
32204,0
4219,0
12685,1
11729,0
17329,0
19910,0
9379,1
7432,0
1680,0
18468,0
13011,0
26854,0
5635,0
10994,1
786,1
100,1
25280,0
1964,1
30577,0
28268,0
11524,0
1484,0
7951,0
20200,0
26254,0
12809,0
16280,0
25831,0
11507,1
22455,0
11949,1
15662,0
28115,0
22667,1
9343,1
26789,0
2511,1
28381,0
5600,0
11882,1
1766,1
20438,0
27127,0
16535,0
25654,1
13321,1
21791,0
22957,0
6806,1
14478,0
17547,0
13840,0
15535,0
16222,0
1897,1
23081,0
27594,0
30119,0
21631,0
32558,0
25241,0
20640,0
16521,0
15050,0
1922,1
22289,0
6432,0
1492,0
3716,1
6917,0
16354,0
28111,1
24522,0
20531,0
25453,0
8771,1
23282,1
8403,0
30709,0
8128,0
12202,0
30700,0
3380,0
12967,0
14241,1
17220,0
30068,0
17816,1
17940,0
413,1
348,1
32286,0
27267,0
9091,0
26513,0
20991,0
18284,0
3383,0
15719,0
19118,0
20164,0
31322,0
18839,0
19195,0
16231,1
18957,0
13682,0
1675,1
30996,0
23248,0
9161,1
1596,1
32025,0
8303,0
28611,0
15374,0
27862,0
2714,1
21378,0
16998,0
10649,0
10252,0
4709,0
11821,0
9735,1
32259,0
11070,0
5035,0
13219,0
6445,0
12330,0
24942,0
2020,1
10978,0
5566,0
19856,0
27948,0
21096,1
524,0
4389,0
3304,1
29827,0
5515,1
6453,0
1719,1
29521,0
17011,0
31071,0
9181,1
23655,0
22463,1
12599,0
9394,0
23523,0
13271,0
11448,0
27597,0
7299,0
27930,0
5339,0
23843,0
31839,0
27848,0
28239,0
24170,1
7255,0
28485,1
23777,0
14816,0
6578,1
31626,0
5325,0
3024,1
5965,0
7983,0
577,1
25661,0
14220,0
29129,0
13423,1
16592,0
10335,0
27223,0
5216,1
5980,0
28496,0
15189,0
30137,0
3453,0
12970,0
14506,0
26884,0
17289,1
9244,0
3052,1
11307,0
11841,0
5879,1
7575,0
16840,1
20279,0
23183,0
28989,0
29160,0
19047,1
23665,0
319,0
20662,0
2687,1
5838,0
1486,0
14230,0
25972,0
17118,0
4924,0
944,1
977,1
5353,0
18827,0
20019,0
19817,0
72,1
24883,0
800,1
3741,1
27053,0
23451,0
15395,0
14963,0
7172,0
7345,0
21377,0
8416,0
21139,0
17519,0
12693,0
12268,1
9103,0
4215,0
28482,0
30935,0
11996,0
22909,0
22296,0
21520,0
8019,0
18527,0
5274,0
22377,0
31460,0
2445,1
22506,0
6604,0
23408,0
13119,0
8943,0
5153,1
23482,0
11442,1
19143,0
26568,0
32073,1
18083,0
8860,0
14012,0
21939,0
5364,0
25865,0
22825,0
23442,0
27304,0
16976,0
9465,0
27834,1
22260,0
7093,1
32521,0
6036,1
15672,1
17168,0
5107,0
31733,0
355,0
24529,0
16216,1
21354,0
26985,0
154,0
16699,1
8806,1
11721,0
11910,0
9993,0
27516,0
21136,0
22596,0
10836,0
29036,0
15199,0
394,1
1849,1
18227,0
818,1
599,1
6152,0
16808,0
13450,1
521,0
24067,1
24312,0
12649,0
31349,0
6787,0
29726,0
11443,0
8079,0
29675,0
2187,1
31906,1
25446,0
16765,0
19596,0
6628,0
21158,1
5619,0
11941,0
27790,0
15181,1
21018,0
30346,0
3912,0
31270,0
5720,0
11193,0
602,1
1701,1
18367,0
27238,0
1302,0
31347,0
29405,0
10825,0
11015,1
18027,0
22117,0
11605,0
32169,1
22027,1
19241,0
12866,0
30607,0
9545,0
31095,0
682,0
5577,0
25203,0
22602,0
32166,0
9232,0
26907,1
10632,0
17856,0
22032,0
2115,1
1452,0
23283,0
25989,0
12060,0
10810,0
10289,1
25346,0
13117,0
18044,0
27288,0
1290,0
5989,0
16604,0
3577,0
28228,0
17236,1
4961,0
11847,0
5238,1
20892,0
28712,1
14829,0
21757,0
3232,0
6587,1
19624,1
3913,0
20855,0
16333,0
27413,0
6069,0
15510,1
7653,0
9528,1
27973,0
30282,0
13200,0
26946,0
25834,1
12181,0
12764,0
6379,0
30812,0
26879,0
22148,0
24520,0
8940,0
4540,0
22775,0
20473,0
6115,0
3382,0
19434,0
15282,1
30653,0
14675,0
4434,0
11506,0
30701,1
12203,0
785,1
19753,0
30270,0
25599,0
26725,0
21455,0
7723,0
1381,0
20395,0
8646,0
28280,1
20123,1
16357,0
3891,0
22444,1
9456,0
5208,1
3122,0
10463,0
24557,0
9639,1
2868,1
22001,0
10677,0
3098,0
18122,0
13552,0
31132,0
8232,0
7763,0
17027,0
10271,0
31917,0
4991,0
27141,0
5473,0
30821,1
14089,0
19944,0
19111,0
2245,1
6707,1
8781,0
23800,1
28918,0
25168,0
27670,0
28641,0
13668,0
25994,0
4345,1
18261,0
4408,0
11500,0
20158,0
10350,0
14527,0
30947,0
7395,1
23998,1
30482,1
14042,0
31492,0
1012,0
15902,0
17850,0
3977,0
30781,1
12240,0
23514,0
6593,0
26511,0
15880,1
7571,1
15479,0
6749,0
32065,0
10220,0
12814,0
13563,0
8775,0
6268,0
13544,0
29270,0
15941,0
4663,0
16665,0
27695,0
19546,0
11936,0
6946,1
11604,0
15213,0
22584,0
737,1
7636,0
26623,1
30165,0
15090,0
17020,0
25377,1
5499,0
15798,1
6968,1
988,1
11177,1
30952,0
15312,1
14582,0
19503,0
7637,1
13757,0
26138,0
1955,1
918,0
4202,0
4430,0
7565,0
30765,0
31894,0
2069,1
22024,0
29644,0
25240,0
12104,0
4587,0
8056,0
1130,0
8489,0
12458,0
16164,0
25418,1
14436,0
17738,0
3062,1
13306,0
24087,1
26548,1
4940,0
13968,0
8540,0
31817,0
2826,1
26000,0
27234,0
14377,0
21091,0
4149,0
24286,0
17730,0
31222,0
10861,1
8929,0
2066,1
25782,1
